,Manufacturers Name,Business Name,Date Of Accident,Time Of Accident,AM,PM,Vehicle Year,Make,Model,License Plate Number,Vehicle Identification Number,State Vehicle Is Registered In,Address Of Accident,City,County,State,Zip Code,Moving,Stopped In Traffic,Pedestrian Involved,Bicyclist Involved,Undefined,Other,Number Of Vehicles Involved,Damage: Unknown,Damage: None,Damage: Minor,Damage: Moderate,Damage: Major,Left Rear 1,Rear Bumper,Right Rear 1,Left Rear 2,Left Rear 3,Right Rear 2,Right Rear 3,Left Rear Passenger 1,Left Rear Passenger 2,Right Rear Passenger 1,Right Rear Passenger 2,Left Rear Passenger 3,Left Rear Passenger 4,Right Rear Passenger 3,Right Rear Passenger 4,Front Driver Side 1,Front Driver Side 2,Front Passenger Side 1,Front Passenger Side 2,Front Driver Side 3,Front Driver Side 4,Front Passenger Side 3,Front Passenger Side 4,Left Front Corner 1,Left Front Corner 2,Right Front Corner 1,Right Front Corner 2,Left Front Corner 3,Front Bumper,Right Front Corner 3,Vehicle Year_2,Model_2,License Plate Number_2,Vehicle Identification Number_2,State Vehicle Is Registered In_2,Moving_2,Stopped In Traffic_2,Pedestrian_2,Bicyclist_2,Undefined_2,Other_2,Number Of Vehicles Involved_2,Autonomous Mode,Conventional Mode,Accident Detail Description,Weather A 1,Weather A 2,Weather B 1,Weather B 2,Weather C 1,Weather C 2,Weather D 1,Weather D 2,Weather E 1,Weather E 2,Weather F 1,Weather F 2,Weather G 1,Weather G 2,Lighting A 1,Lighting A 2,Lighting B 1,Lighting B 2,Lighting C 1,Lighting C 2,Lighting D 1,Lighting D 2,Lighting E 1,Lighting E 2,Roadway A 1,Roadway A 2,Roadway B 1,Roadway B 2,Roadway C 1,Roadway C 2,Roadway D 1,Roadway D 2,Road Conditions A 1,Road Conditions A 2,Road Conditions B 1,Road Conditions B 2,Road Conditions C 1,Road Conditions C 2,Road Conditions D 1,Road Conditions D 2,Road Conditions E 1,Road Conditions E 2,Road Conditions F 1,Road Conditions F 2,Road Conditions G 1,Road Conditions G 2,Road Conditions H 1,Road Conditions H 2,Movement A 1,Movement A 2,Movement  B 1,Movement  B 2,Movement C 1,Movement C 2,Movement  D 1,Movement  D 2,Movement  E 1,Movement  E 2,Movement  F 1,Movement  F 2,Movement  G 1,Movement  G 2,Movement  H 1,Movement  H 2,Movement  I 1,Movement  I 2,Movement J 1,Movement J 2,Movement  K 1,Movement  K 2,Movement  L 1,Movement  L 2,Movement  M 1,Movement  M 2,Movement  N 1,Movement  N 2,Movement  O 1,Movement  O 2,Movement  P 1,Movement  P 2,Movement  Q 1,Movement  Q 2,Movement  R 1,Movement  R 2,Type A 1,Type A 2,Type B 1,Type B 2,Type C 1,Type C 2,Type D 1,Type D 2,Type E 1,Type E 2,Type F 1,Type F 2,Type G 1,Type G 2,Type H 1,Type H 2,Other A Yes,Other A No,Other B,Other C,Other D,Other E,Other F,Other G,Other H Yes,Other H No,Other I,Other J,Other K,Other L,Latitude,Longitude,Narrow Roadway,Parked Vehicles,Intersection,Struck by Others,Other Party
0,GM Cruise LLC,Cruise,1/7/2019,6:54,,Yes,2019,Chevrolet,Bolt,,,CA,Folsom St. and 11th St.,San Francisco,San Francisco,CA,94103,Yes,,,,,,2,,,,Yes,,,,,,,,,,,,,,,,,Yes,,,,Yes,,,,Yes,,,,,,,2018,Pcx150,,,CA,Yes,,,,,,2,,Yes,"A Cruise autonomous vehicle (“Cruise AV”), operating in conventional mode, was making a left turn from northeast bound Folsom Street onto northwest bound 11th Street when a scooterist, attempting to pass the Cruise AV on the left, made contact with the front left side of the Cruise AV, damaging the front left fender, radar, and wheel well of the Cruise AV.  The scooterist reported injuries and emergency services and the police arrived at the scene, but the scooterist declined medical treatment.  No police report was available at the time of the filing of this report. ",Yes,Yes,,,,,,,,,,,,,,,,,Yes,Yes,,,,,Yes,Yes,,,,,,,,,,,,,,,,,,,,,Yes,Yes,,,,,,,,,Yes,,,,,,,,,,,Yes,,,,,,,,,,,,,,,,,,,,Yes,,,,,,,,,,,,,,,,,,,,,,,,,,,37.7725,-122.4147,-1,0,1,1,4
1,Aurora Innovation Inc,Aurora Innovation Inc,1/10/2019,2:52,,Yes,2017,Lincoln,MKZ,,,California,Townsend and 3rd,San Francisco,San Francisco,CA,94107,,Yes,,,,,2,,,,Yes,,,Yes,Yes,,,,Yes,,,,,,,,,,,,,,,,,,,,,,,,2004,Honda CR-V,,,California,Yes,,,,,,2,,Yes,"On 01/10/19 at 2:52pm, an Aurora vehicle, while stopped at a red traffic light in manual mode on Townsend and 3rd, was struck in the rear bumber by a Honda CR-V approaching from behind. There was moderate damage to the Aurora vehicle's right sensor, mount, and side quarter panel. There was minimal damage to the Honda's front right bumper. Both vehicles were operational and pulled over on a side street to exchange vehicle and insurance information. No injuries were reported and no police were requested nor present at the scene.",Yes,Yes,,,,,,,,,,,,,Yes,Yes,,,,,,,,,Yes,Yes,,,,,,,,,,,,,,,,,,,,,Yes,Yes,Yes,,,Yes,,,,,,,,,,,,,,,,,,,,,,,,,,,,,,,,,,Yes,,,Yes,,,,,,,,,,,,,Yes,,,,,,,,Yes,,,,,37.7790958,-122.3927648,0,0,1,1,1
2,GM Cruise LLC,Cruise,1/10/2019,11:29,Yes,,2019,Chevrolet,Bolt,,,CA,S. Van Ness Ave between 12th St. and 13th St.,San Francisco,San Francisco,CA,94103,Yes,,,,,,2,,,Yes,,,,,Yes,,,,Yes,,,,Yes,,,,,,,,,,,,,,,,,,,,2017,Prius,,,CA,Yes,,,,,,2,Yes,,"A Cruise autonomous vehicle (“Cruise AV”), operating in autonomous mode, was traveling northbound on South Van Ness Street near the Howard Street fork when another vehicle, turning right onto South Van Ness from Howard, made contact with the right rear corner of the Cruise AV, causing damage to the Cruise AV’s rear bumper.  There were no injuries and police were not called. ",Yes,Yes,,,,,,,,,,,,,Yes,Yes,,,,,,,,,,,,,,,,,,,,,,,,,,,,,,,Yes,Yes,,,Yes,,,,,Yes,,,,,,,,,,,,,,,,,,,,,,,,,,,,,,,,,,Yes,,,,,,,,,,,,,,,,,,,,,,,,,37.7708195,-122.4174639,0,0,1,1,1
3,Waymo LLC,Waymo LLC,1/26/2019,3:24,,Yes,2017,Chrysler,Pacifica,,,CA,Shoreline Blvd. at El Camino Real,Mountain View,Santa Clara,CA,94041,,Yes,,,,,2,,,Yes,,,Yes,,,,,,,,,,,,,,,,,,,,,,,,,,,,,,2014,Toyota RAV4,,,CA,Yes,,,,,,2,,Yes,"Per the DMV's request of 02/21/2019, Waymo is resubmitting this OL316 so the DMV's digital version is compliant with accessibility requirements under AB 434. Waymo's original report was submitted on 01/31/2019.

A Waymo Autonomous Vehicle (“Waymo AV”) in manual mode was yielding to check for cross traffic while in the slip lane to turn from southbound Shoreline Boulevard to westbound El Camino Real in Mountain View when it was rear-ended by a passenger vehicle. The Waymo AV sustained minor damage to the rear left of the vehicle, and the passenger vehicle had minor damage to the front right of the vehicle. No injuries were reported.",Yes,Yes,,,,,,,,,,,,,Yes,Yes,,,,,,,,,Yes,Yes,,,,,,,,,,,,,,,,,,,,,Yes,Yes,Yes,,,,,,,Yes,,,,,,,,,,,,,,,,,,,,,,,,,,,,,,,,,Yes,,,,,,,,,,,,,,,,,,,,,,,,,,37.3893,-122.0783,-1,0,1,1,1
4,Waymo LLC,Waymo LLC,2/6/2019,9:08,Yes,,2017,Chrysler,Pacifica,,,CA,Central Expressway and Shoreline Boulevard,Mountain View,Santa Clara,CA,94043,,Yes,,,,,2,,,Yes,,,Yes,Yes,,,,,,,,,,,,,,,,,,,,,,,,,,,,,2007,Lexus IS250,,,CA,Yes,,,,,,2,Yes,,"Per the DMV's request of 02/21/2019, Waymo is resubmitting this OL316 so the DMV's digital version is compliant with accessibility requirements under AB 434. Waymo's original report was submitted on 02/14/2019.

A Waymo Autonomous Vehicle (“Waymo AV”) was stopped in autonomous mode in the slip-lane from northbound Shoreline Boulevard to northbound Central Expressway in Mountain View when it was rear-ended. The Waymo AV was yielding to approaching traffic from the left when a passenger vehicle rear-ended the Waymo AV while travelling approximately 4 MPH. The Waymo AV sustained minor damage to the rear bumper, and the passenger vehicle had minor damage to its front bumper. No injuries were reported at the scene but the two operators in the Waymo AV later reported minor headache and neck soreness. They sought medical attention and both were cleared to return to work.",,,Yes,Yes,,,,,,,,,,,Yes,Yes,,,,,,,,,Yes,Yes,,,,,,,,,,,,,,,,,,,,,Yes,Yes,Yes,,,Yes,,,,,,,,,,,,,,,,,,,,,,,,,,,,,,,,,,,,,Yes,,,,,,,,,,,,,,,,,Yes,,,,,,,,,37.4056,-122.0775,0,0,1,1,1
5,Waymo LLC,Waymo LLC,2/10/2019,4:14,,Yes,2017,Chrysler,Pacifica,,,CA,SB Highway 85 at El Camino Real,Mountain View,Santa Clara,CA,94040,Yes,,,,,,2,,,Yes,,,,,,Yes,,,,Yes,,,,Yes,,,,Yes,,,,Yes,,,,,,,,,,,UNK,Chevrolet Traverse,,UNK,CA,Yes,,,,,,2,,Yes,"Per the DMV's request of 02/21/2019, Waymo is resubmitting this OL316 so the DMV's digital version is compliant with accessibility requirements under AB 434. Waymo's original report was submitted on 02/19/2019.

A Waymo Autonomous Vehicle (“Waymo AV”) was traveling in autonomous mode in the far right lane on southbound Highway 85 passing El Camino Real in Mountain View. A passenger vehicle entered the highway from El Camino Real and made an unsafe maneuver by crossing over a solid white line and cutting-in to the Waymo AV’s lane. Out of an abundance of caution, the Waymo AV’s test driver disengaged the autonomous mode on the Waymo AV and made an evasive maneuver into the left adjacent lane at approximately 45 MPH. As the test driver made the maneuver, the Waymo AV came into contact with a second passenger vehicle that had been approaching from behind in the left adjacent lane. The Waymo AV sustained minor damage and tire marks to the driver side of the vehicle, and the second passenger vehicle sustained no damage. The driver of the second passenger vehicle stopped to exchange information with the Waymo test driver, but after volunteering that there was no damage to their vehicle, left the scene. The first passenger vehicle did not stop. There were no injuries reported.",Yes,Yes,,,,,,,,,,,,,Yes,Yes,,,,,,,,,Yes,Yes,,,,,,,,,,,,,,,,,,,,,Yes,Yes,,,,Yes,,,,,,,,,,,,,,,Yes,,,,,,,,,,,,,,,,,,,,Yes,,,,,,,,,,,,,,,,,,,,,,,,Yes,,,,37.3855,-122.088,0,0,1,1,1
6,GM Cruise LLC,Cruise,2/14/2019,5:30,Yes,,2019,Chevrolet,Bolt,,,CA,Gough St. and Fell St.,San Francisco,San Francisco,CA,94102,Yes,,,,,,2,,,Yes,,,,Yes,,,,,,,,,,,,,,,,,,,,,,,,,,,,,,Celica,,unk,CA,Yes,,,,,,2,,Yes,"Cruise autonomous vehicle (“Cruise AV”), operating in autonomous mode, was traveling southbound on Gough Street at the intersection with Fell Street when the Cruise AV began to yield to a car on its right. The driver of the Cruise AV disengaged from autonomous mode, and shortly thereafter, another vehicle made contact with the center rear bumper of the Cruise AV, damaging the rear radar mounting bracket of the Cruise AV. There were no injuries and police were not called.",,,,,Yes,Yes,,,,,,,,,,,,,Yes,Yes,,,,,,,Yes,Yes,,,,,,,,,,,,,,,,,,,Yes,Yes,,,Yes,Yes,,,,,,,,,,,,,,,,,,,,,,,,,,,,,,,,,,,,,,Yes,,,,,,,,,,,,,,,,,,,,,,,,,37.7759847,-122.4232102,0,0,1,1,0
7,Waymo LLC,Waymo LLC,2/26/2019,6:56,Yes,,2017,Chrysler,Pacifica,,,CA,Miramonte Avenue at Covington Road,Los Altos,Santa Clara,CA,94024,,Yes,,,,,2,,,,,Yes,Yes,Yes,Yes,Yes,,,Yes,,,,,,,,,,,,,,,,,,,,,,,,2011,Mazda 3,,,,Yes,,,,,,2,Yes,,"A Waymo Autonomous Vehicle (“Waymo AV”) was stopped in autonomous mode at the intersection of Miramonte Avenue and Covington Road in Los Altos when it was involved in a collision. The Waymo AV was traveling northbound on Miramonte Avenue, when it reached a four-way stop sign intersection. The Waymo AV stopped to yield to another vehicle at the intersection, at which time a passenger vehicle rear-ended the Waymo AV at approximately 39 MPH. At the time of the collision the Waymo AV had been stopped for approximately 1.5 seconds. The Waymo AV sustained major damage to its rear bumper, rear hatch, and rear quarter panels, and the passenger vehicle sustained major damage to its front bumper, hood, and front quarter panels. First responders attended to the scene, but neither party reported injuries.",,,Yes,Yes,,,,,,,,,,,,,Yes,Yes,,,,,,,,,Yes,Yes,,,,,,,,,,,,,,,,,,,Yes,Yes,Yes,,,Yes,,,,,,,,,,,,,,,,,,,,,,,,,,,,,,,,,,,,,Yes,,,,,,,,,,,,,,,,,,,,,,,,,,37.3547,-122.0862,0,0,1,1,1
8,GM Cruise LLC,Cruise,2/27/2019,6:04,Yes,,2019,Chevrolet,Bolt,,,CA,Gough St. and Rose St.,San Francisco,San Francisco,CA,94102,Yes,,,,,,2,,,Yes,,,Yes,Yes,Yes,,,,,,,,,,,,,,,,,,,,,,,,,,,,2006,Dodge Sprinter,,,CA,Yes,,,,,,2,Yes,,"A Cruise autonomous vehicle (“Cruise AV”), operating in autonomous mode, was traveling southbound on Gough Street between Rose and Haight Streets when another vehicle, following closely behind the Cruise AV, made contact with the rear center bumper of the Cruise AV, damaging two fastening clips on the underside of the Cruise AV’s rear bumper. There were no injuries and police were not called.",Yes,Yes,,,,,,,,,,,,,,,,,Yes,Yes,,,,,Yes,Yes,,,,,,,,,,,,,,,,,,,,,Yes,Yes,,,,Yes,,,,,,,,,,,Yes,,,,,,,,,,,,,,,,,,,,,,,,,,,Yes,,,,,,,,,,,,,,,,,,,,,,,,,37.7813,-122.4167,-1,0,0,1,0
9,"Lyft, Inc.","Lyft, Inc.",2/28/2019,2:06,,Yes,2017,Ford,Fusion Hybrid,,,CA,Northbound Shoreline Boulevard and Wright Ave,Mountain View,Santa Clara,CA,94043,,Yes,,,,,2,,,Yes,,,Yes,Yes,Yes,,,,,,,,,,,,,,,,,,,,,,,,,,,,2006,Mercedes Benz E Class 4D 2WD 350,,,CA,Yes,,,,,,,,Yes,"At approximately 2:06 pm on February 28, 2019, a Lyft Autonomous Vehicle (""Lyft AV""), operating in manual mode, was struck at very low speed from behind by a 3rd party passenger vehicle while waiting to make a protected left turn in Mountain View, CA. The driver of the Lyft AV had been inched forward after being stopped at a red light for approximately 105 seconds on NB Shoreline Boulevard while waiting to make a left turn onto Wright Avenue. The driver of the 3rd party passenger vehicle verbally stated that she had pressed both the accelerator and the brake pedal simultaneously. The Lyft AV sustained minor damage to the rear bumper. The 3rd party passenger vehicle sustained minor damage to the front bumper and grill. No injuries were reported and the police were not notified.",Yes,Yes,,,,,,,,,,,,,Yes,Yes,,,,,,,,,Yes,Yes,,,,,,,,,,,,,,,,,,,,,Yes,Yes,Yes,,,Yes,,,,,,,,,,,,,,,,,,,,,,,,,,,,,,,,,,Yes,,,Yes,,,,,,,,,,,,,,,,,,,,,,,,,,37.4056,-122.0775,0,0,1,1,1
10,"Lyft, Inc.","Lyft, Inc.",3/6/2019,8:24,Yes,,2018,Ford,Fusion,,,CA,Alma Road approaching Charleston Road,Palo Alto,Santa Clara,CA,94306,Yes,,,,,,,,,Yes,,,,,,,,,,,,,,,,,,,,,,,,,,,,,,Yes,Yes,Yes,2016,Mazda CX-5 Grand Touring 4D UTV,,,CA,,Yes,,,,,2,,Yes,"On March 6, 2019 at approximately 8:42 AM, a Lyft Autonomous Vehicle (""Lyft AV""), operating in full manual mode and heading westbound on Alma Street in Palo Alto, made a minor contact with the rear bumper of a 3rd party vehicle during rainy and wet roadway conditions. The driver of the Lyft AV applied the brakes while coming to a stop for traffic before making contact at a very low speed. The Lyft AV sustained minor damage to a front sensor and brake. The 3rd party vehicle appeared to have very minor damage to the bumper but neither driver could confirm at the time. There were no injuries reported and the police were not notified.",,,,,Yes,Yes,,,,,,,,,Yes,Yes,,,,,,,,,,,Yes,Yes,,,,,,,,,,,,,,,,,,,,,,Yes,Yes,,,,,,,,,,,,,,,,,,,,,,,,,,,,,,,,,,Yes,,,,,Yes,,,,,,,,,,,,,,,,,,,,,,,,,37.418,-122.1274,-1,0,0,1,0
11,GM Cruise LLC,Cruise,3/8/2019,1:29,Yes,,2019,Chevrolet,Bolt,,,CA,16th St. and Guerrero St. ,San Francisco,San Francisco,CA,94103,Yes,,,,,,2,,,Yes,,,,Yes,Yes,,,,Yes,,,,,,,,,,,,,,,,,,,,,,,,,Audi A4,unk.,unk.,unk.,Yes,,,,,,2,Yes,,"A Cruise autonomous vehicle (“Cruise AV”), operating in autonomous mode, was making a right turn from 16th Street onto northbound Guerrero Street when another vehicle, entering traffic from a curbside parked position on westbound 16th Street, made contact with the right rear corner of the Cruise AV, damaging the Cruise AV’s rear right bumper, wheel well, and rear parking sensor.  The driver of the other vehicle drove away without exchanging information. There were no injuries and police were not called.",Yes,Yes,,,,,,,,,,,,,,,,,Yes,Yes,,,,,Yes,Yes,,,,,,,,,,,,,,,,,,,,,Yes,Yes,,,,,,,Yes,,,,,,,,,,,,,,,,,Yes,,,,,,,,,,,,,,,,,,Yes,,,,,,,,,,,,,,,,,,,,,,,,,37.7725,-122.4147,-1,1,1,1,0
12,"Lyft, Inc.","Lyft, Inc.",3/12/2019,4:05,,Yes,2018,Ford,Fusion,,,CA,739 Pettis Avenue,Mountain View,Santa Clara,CA,94041,Yes,,,,,,2,,,Yes,,,Yes,,,,,,,,,,,,,,,,,,,,,,,,,,,,,,,A4 Audi,,,CA,,,,,Yes,Parked,2,,Yes,"On March 12, 2019 at approximately 4:07 pm, a Lyft Autonomous Vehicle (""Lyft AV""), operating at full manual mode, made contact at approximately 2 mph with a parked 3rd party vehicle while reversing during a multi-point turn. There was no driver or passenger present in the  3rd party vehicle. The incident occurred on Pettis Avenue near El Camino Boulevard in Mountain View, CA. Minor damage is limited to the left rear bumper area of the Lyft AV (A010) and the left rear driver's side of the 3rd party, pending further inspection. The owner of the 3rd party vehicle came outside to exchange information with the operators. No injuries were reported and the police were not notified.",Yes,Yes,,,,,,,,,,,,,Yes,Yes,,,,,,,,,Yes,Yes,,,,,,,,,,,,,,,,,,,,,Yes,Yes,,,,,,,,,,,,,Yes,,,,,,,,,,,,,,,,,Yes,,,,,,,,,,,Yes,,,Yes,,,,,,,,,,,,,,,,,,,,,,,37.3901144,-122.0907835,-1,1,0,0,0
13,GM Cruise LLC,Cruise,3/23/2019,5:28,Yes,,2019,Chevrolet,Bolt,,,CA,Eddy St. and Leavenworth St. ,San Francisco,San Francisco,CA,94109,Yes,,,,,,2,,,Yes,,,Yes,Yes,,,,,,,,,,,,,,,,,,,,,,,,,,,,,2013,Ford/ C-Max,,unk.,CA,Yes,,,,,,2,Yes,,"A Cruise autonomous vehicle (“Cruise AV”), operating in autonomous mode, was proceeding westbound on Eddy Street at the intersection with Leavenworth Street when another vehicle made contact with the center rear bumper of the Cruise AV, damaging the Cruise AV’s left center rear bumper and radar connector.  Police were not called and no injuries were reported at the scene by either party.  Both of the Cruise AV testers sitting in passenger seats later sought medical attention for neck stiffness.",Yes,Yes,,,,,,,,,,,,,,,,,Yes,Yes,,,,,Yes,Yes,,,,,,,,,,,,,,,,,,,,,Yes,Yes,,,Yes,Yes,,,,,,,,,,,,,,,,,,,,,,,,,,,,,,,,,,,,,,Yes,,,,,,,,,,,,,,,,,,,,,,,,,37.7917,-122.4186,-1,0,1,1,0
14,GM Cruise LLC,Cruise,3/24/2019,10:50,,Yes,2019,Chevrolet,Bolt,,,CA,11th St. and Folsom St. ,San Francisco,San Francisco,CA,94103,Yes,,,,,,2,,,,Yes,,,,,,,,,,,,,,,,,,,,,Yes,,,,Yes,,,,Yes,,,2011,Toyota Prius,Unk.,,CA,Yes,,,,,,2,,Yes,"A Cruise autonomous vehicle (“Cruise AV”), operating in conventional mode, was making a left turn from southeast bound 11th Street onto northeast bound Folsom Street when the driver of the Cruise AV made contact with the rear driver side door of another vehicle that was proceeding through the green light on southwest bound 11th Street, damaging both the other vehicle’s rear driver side door and wheel well and the Cruise AV’s front left bumper and wheel well.  There were no injuries and police were not called.",Yes,Yes,,,,,,,,,,,,,,,,,Yes,Yes,,,,,Yes,Yes,,,,,,,,,,,,,,,,,,,,,Yes,Yes,,,,Yes,,,,,Yes,,,,,,,,,,,,,,,,,,,,,,,,,,,,,,,Yes,,,,,,,,,,,,,,,,,,,,,,,,,,,37.7717102,-122.414414,0,0,1,0,1
15,Waymo LLC,Waymo LLC,3/26/2019,9:09,Yes,,2017,Chrysler,Pacifica,,,CA,E. Charleston Road and San Antonio Road,Palo Alto,Santa Clara,CA,94303,Yes,,,,,,2,,,Yes,,,,Yes,Yes,,,,,,,,,,,,,,,,,,,,,,,,,,,,2006,Scion xA,,,CA,Yes,,,,,,2,,Yes,"A Waymo Autonomous Vehicle (“Waymo AV”) was traveling in manual mode when it was involved in a collision at the intersection of E. Charleston Road and San Antonio Road in Palo Alto. The Waymo AV was traveling eastbound on E. Charleston Road in manual mode when the test driver made a lane change from the middle lane to the adjacent right lane. As the test driver completed the lane change, the test driver braked before the intersection as the traffic light at San Antonio Road changed from yellow to red. A passenger vehicle then rear-ended the Waymo AV at approximately 15 MPH. The Waymo AV sustained minor damage to the passenger side of the rear bumper, and the passenger vehicle sustained minor damage to the driver side of the front bumper. No injuries were reported at the scene.",Yes,Yes,,,,,,,,,,,,,Yes,Yes,,,,,,,,,,,Yes,Yes,,,,,,,,,,,,,,,,,,,Yes,Yes,,,,Yes,,,,,,,,,,,Yes,,,,,,,,,,,,,,,,,,,,,,,,,,Yes,,,,,,,,,,,,,,,,,,,,,,,,,,37.4673,-122.1388,0,0,1,1,1
16,GM Cruise LLC,Cruise,4/3/2019,8:32,,Yes,2019,Chevrolet,Bolt,,,CA,Portrero Avenue and Alameda Street  ,San Francisco,San Francisco,CA,94103,,Yes,Yes,,,,2,,,Yes,,,,,,,,,,,,,,,,,,,,,,Yes,,,,,,,,,,Yes,2019,Bolt,,,CA,Yes,,Yes,,,,2,,Yes,"Two Cruise autonomous vehicles (“Cruise AV 1” and “Cruise AV 2”), both operating in conventional mode, were stopped side-by-side at the traffic light on southbound Potrero Avenue at the intersection with Alameda Street when a pedestrian in the crosswalk approached both Cruise AVs in the street. The pedestrian struck both vehicles with a foreign object, scratching the front right bumper of Cruise AV 1 and denting the front driver side door of Cruise AV 2. Both drivers of the Cruise AVs immediately drove to safer locations after the incident and contacted the police. There were no injuries. The police later took statements from both drivers of the Cruise AVs and a report was filed as SFPD incident report number 190236884.",Yes,Yes,,,,,,,,,,,,,,,,,Yes,Yes,,,,,Yes,Yes,,,,,,,,,,,,,,,,,,,,,Yes,Yes,Yes,,,,,,,Yes,,,,,,,,,,,,,,,,,,,,,,,,,,,,,,,,,,,,,,,,,,,Yes,Yes,,,,,,,,,,,,,,,37.7725,-122.4147,0,0,1,1,5
17,GM Cruise LLC,Cruise,4/10/2019,4:52,,Yes,2019,Chevrolet,Bolt,,,CA,Lyon St. and California St. ,San Francisco,San Francisco,CA,94115,Yes,,,,,,2,,,Yes,,,,,Yes,,,,,,,,,,,,,,,,,,,,,,,,,,,,2017,Clarity,,,CA,Yes,,,,,,2,Yes,,"A Cruise autonomous vehicle (“Cruise AV”), operating in autonomous mode, was approaching the intersection prior to making a left turn from southbound Lyon Street onto eastbound California Street when the Cruise AV yielded to an overtaking vehicle on its left proceeding straight on southbound Lyon. Once the overtaking vehicle completed its pass, the Cruise AV attempted to continue its left turn when another vehicle directly behind the Cruise AV, attempting to turn right on California, made contact with the Cruise AV’s right rear bumper, damaging the bumper. There were no injuries and police were not called.",Yes,Yes,,,,,,,,,,,,,Yes,Yes,,,,,,,,,Yes,Yes,,,,,,,,,,,,,,,,,,,,,Yes,Yes,,,,,,,,Yes,Yes,,,,,,,,,,,,,,,,,,,,,,,,,,,,,,,,,Yes,,,,,,,,,,,,,,,,,,,,,,,,,37.7819383,-122.4439014,-1,0,1,1,0
18,GM Cruise LLC,Cruise,4/10/2019,10:38,Yes,,2019,Chevrolet,Bolt,,,CA,Franklin St. between Olive St and Ellis St. ,San Francisco,San Francisco,CA,94109,Yes,,,,,,2,,,Yes,,,,,,,,,,,,,,,,,,,,,,Yes,,,,,,,,,,,,unk,,unk,unk,Yes,,,,,,2,,Yes,"A Cruise autonomous vehicle (“Cruise AV”), operating in autonomous mode, was traveling northbound on Franklin Street at the intersection with Ellis Street when the Cruise AV began to yield to a lane-splitting motorcyclist on its left rear. The driver of the Cruise AV disengaged from autonomous mode, and shortly thereafter, the motorcyclist made contact with the Cruise AV’s front left radar, damaging the radar’s casing. There were no injuries and police were not called. The motorcyclist did not stop.",Yes,Yes,,,,,,,,,,,,,Yes,Yes,,,,,,,,,Yes,Yes,,,,,,,,,,,,,,,,,,,,,Yes,Yes,,,Yes,Yes,,,,,,,,,,,,,,,,,,,,,,,,,,,,,,,,,,,,Yes,,,,,,,,,,,,,,,,,,,,,,,,,,,37.77493,-122.41942,0,0,1,1,3
19,"Lyft, Inc.","Lyft, Inc.",4/11/2019,11:31,Yes,,2018,Ford,Fusion,,,CA,Natoma Street and 6th Street,San Francisco,San Francisco,CA,94103,Yes,,,,,,2,,,Yes,,,,,,,,,,,,,,,,,,,,,,,,,,Yes,,,,Yes,,,2015,Toyota Prius,,,CA,Yes,,,,,,2,,Yes,"On April 11, 2019 at approximately 11:31 am, a Lyft Autonomous Vehicle operating in manual mode was involved in an incident with a moving third party vehicle. The incident occurred after making a right turn from Natoma Street and 6th Street in San Francisco, CA. Lyft was proceeding straight in the right lane when the third party vehicle aggressively swerved into the right lane, cutting broadside in front of the Lyft AV, and came to a complete stop, causing unavoidable impact from the Lyft AV at approximately 1 mph. The Lyft AV sustained damage to the front left bumper, fender, and left lidar sensor. The third party vehicle sustained damage to the right rear quarter panel and rear passenger door. Lyft AV operators called 911 due to hostile behavior of the third party driver and emergency vehicles responded to the scene. No injuries were reported by the first responders or the team in the Lyft AV.",Yes,Yes,,,,,,,,,,,,,Yes,Yes,,,,,,,,,Yes,Yes,,,,,,,,,,,,,,,,,,,,,,,,,Yes,,,,,,,,,,,,,,,,,Yes,,,,,,,,,,,,,,,,,Yes,,,Yes,,,,,,,,,,,,,,,,,,,,,,,,,,,37.7758294,-122.4132178,0,0,1,1,1
20,GM Cruise LLC,Cruise,4/14/2019,11:45,Yes,,2019,Chevrolet,Bolt,,,CA,Mason St. between Yacht Rd. and Javowitz St.,San Francisco,San Francisco,CA,94123,Yes,,,Yes,,,1,,Yes,,,,,,,,,,,,,,,,,,,,,,,,,,,,,,,,,,,,,,,Yes,,,Yes,,,1,,Yes,"A Cruise autonomous vehicle (“Cruise AV”) being driven in conventional mode was involved in a collision while traveling on westbound Mason Street between Yacht Road and Javowitz Street. While making a right turn onto an unmarked road, the driver of the Cruise AV made contact with a bicyclist traveling in the eastbound, unprotected bicycle lane on Mason Street. The police were not called. (amended as of 4/30/2019)",Yes,Yes,,,,,,,,,,,,,Yes,Yes,,,,,,,,,Yes,Yes,,,,,,,,,,,,,,,,,,,,,Yes,Yes,,,,Yes,,,Yes,,,,,,,,,,,,,,,,,,,,,,,,,,,,,,,,,,,,Yes,,,,,,,,,,,,,,,,,,,,,,,,37.8050026,-122.4484231,0,0,0,0,4
21,GM Cruise LLC,Cruise,4/14/2019,4:38,Yes,,2019,Chevrolet,Bolt,,,CA,36th Ave between Balboa St. and Anza St.,San Francisco,San Francisco,CA,94121,Yes,,,,,,3,,,,Yes,,,,,,,,,,,,,,,,,Yes,,,,Yes,,,,Yes,,,,Yes,,,,Honda Ridgeline,,Unk,CA,,,,,Yes,,3,,Yes,"A Cruise autonomous vehicle (“Cruise AV”) being driven in conventional mode was involved in a collision while traveling on northbound 36th Avenue between Balboa and Anza Streets. While proceeding straight on 36th, the driver of the Cruise AV made contact with two unoccupied vehicles parked (“parked vehicle 1” and “parked vehicle 2”) on southbound 36th Avenue, damaging the front and rear driver side doors and side mirror of parked vehicle 1 and the front left bumper and wheel well of parked vehicle 2.  The collision also resulted in damage to the Cruise AV’s front left radar, bumper, wheel well, and wheel axle. There were no injuries.",Yes,Yes,,,,,,,,,,,,,,,,,Yes,Yes,,,,,Yes,Yes,,,,,,,,,,,,,,,,,,,,,Yes,Yes,,,Yes,,,,,,,,,,,,,,,,,,,,,,,,,,,Yes,,,,,,,,,Yes,,,,,,,,,,,,,,,,,,,,,,,,,,,,37.7766642,-122.4963371,0,1,0,0,0