,Manufacturers Name,Business Name,Date Of Accident,Time Of Accident,AM,PM,Vehicle Year,Make,Model,License Plate Number,Vehicle Identification Number,State Vehicle Is Registered In,Address Of Accident,City,County,State,Zip Code,Moving,Stopped In Traffic,Pedestrian Involved,Bicyclist Involved,Undefined,Other,Number Of Vehicles Involved,Damage: Unknown,Damage: None,Damage: Minor,Damage: Moderate,Damage: Major,Left Rear 1,Rear Bumper,Right Rear 1,Left Rear 2,Left Rear 3,Right Rear 2,Right Rear 3,Left Rear Passenger 1,Left Rear Passenger 2,Right Rear Passenger 1,Right Rear Passenger 2,Left Rear Passenger 3,Left Rear Passenger 4,Right Rear Passenger 3,Right Rear Passenger 4,Front Driver Side 1,Front Driver Side 2,Front Passenger Side 1,Front Passenger Side 2,Front Driver Side 3,Front Driver Side 4,Front Passenger Side 3,Front Passenger Side 4,Left Front Corner 1,Left Front Corner 2,Right Front Corner 1,Right Front Corner 2,Left Front Corner 3,Front Bumper,Right Front Corner 3,Vehicle Year_2,Model_2,License Plate Number_2,Vehicle Identification Number_2,State Vehicle Is Registered In_2,Moving_2,Stopped In Traffic_2,Pedestrian_2,Bicyclist_2,Undefined_2,Other_2,Number Of Vehicles Involved_2,Autonomous Mode,Conventional Mode,Accident Detail Description,Weather A 1,Weather A 2,Weather B 1,Weather B 2,Weather C 1,Weather C 2,Weather D 1,Weather D 2,Weather E 1,Weather E 2,Weather F 1,Weather F 2,Weather G 1,Weather G 2,Lighting A 1,Lighting A 2,Lighting B 1,Lighting B 2,Lighting C 1,Lighting C 2,Lighting D 1,Lighting D 2,Lighting E 1,Lighting E 2,Roadway A 1,Roadway A 2,Roadway B 1,Roadway B 2,Roadway C 1,Roadway C 2,Roadway D 1,Roadway D 2,Road Conditions A 1,Road Conditions A 2,Road Conditions B 1,Road Conditions B 2,Road Conditions C 1,Road Conditions C 2,Road Conditions D 1,Road Conditions D 2,Road Conditions E 1,Road Conditions E 2,Road Conditions F 1,Road Conditions F 2,Road Conditions G 1,Road Conditions G 2,Road Conditions H 1,Road Conditions H 2,Movement A 1,Movement A 2,Movement  B 1,Movement  B 2,Movement C 1,Movement C 2,Movement  D 1,Movement  D 2,Movement  E 1,Movement  E 2,Movement  F 1,Movement  F 2,Movement  G 1,Movement  G 2,Movement  H 1,Movement  H 2,Movement  I 1,Movement  I 2,Movement J 1,Movement J 2,Movement  K 1,Movement  K 2,Movement  L 1,Movement  L 2,Movement  M 1,Movement  M 2,Movement  N 1,Movement  N 2,Movement  O 1,Movement  O 2,Movement  P 1,Movement  P 2,Movement  Q 1,Movement  Q 2,Movement  R 1,Movement  R 2,Type A 1,Type A 2,Type B 1,Type B 2,Type C 1,Type C 2,Type D 1,Type D 2,Type E 1,Type E 2,Type F 1,Type F 2,Type G 1,Type G 2,Type H 1,Type H 2,Other A Yes,Other A No,Other B,Other C,Other D,Other E,Other F,Other G,Other H Yes,Other H No,Other I,Other J,Other K,Other L,Latitude,Longitude,Narrow Roadway,Parked Vehicles,Intersection,Struck by Others,Other Party
388,"Zoox, Inc. dba Zoox Labs, Inc.",Zoox,10/3/2022,2:02,,Yes,2016,Toyota,Highlander,,,CA,Pine St. near Powell St. ,San Francisco ,San Francisco,CA,94108,,Yes,,,,,2,,,Yes,,,,,,,,,,,,,,,,,,,,,,,,,,,,,,Yes,Yes,Yes,,See Narrative. ,,,,Yes,,,,,,2,Yes,,"A Zoox vehicle was in autonomy proceeding straight on Pine Street in San Francisco, CA when it encountered a double parked United States Postal Service van in lane (vehicle 2: model, year, VIN and insurance are unknown). The Zoox vehicle came to a complete stop while waiting for an opportunity to merge around vehicle 2. Vehicle 2 then rolled backwards into the Zoox vehicle, causing minor damage to front sensors and Vehicle 2 rear bumper. There were no injuries and first responders were not notified. Post incident review did not observe any brake lights or reverse lights on vehicle 2 while it was rolling backwards.    ",Yes,Yes,,,,,,,,,,,,,Yes,Yes,,,,,,,,,Yes,Yes,,,,,,,,,,,,,,,,,,,,,Yes,Yes,Yes,,,,,,,,,,,,,,,,,,,,,,,,,,,,,,,,,,,Yes,Yes,,,,,,,,,,,,,,,Yes,,,,,,,,,,,,,,,37.79115922,-122.4090153,1,1,0,1,0
389,Ghost Autonomy Inc.,Ghost Autonomy Inc.,10/7/2022,11:45,Yes,,2017,Toyota  ,Camry SE,,,CA,Main Street (East of Navy Way),Alameda,,CA,94501,Yes,,,,Yes,Car,2,,,Yes,,,,,,,,,Yes,,,,Yes,,,,Yes,,,,Yes,,,,Yes,,,,,,,,2020,Hyundai Kona SEL,,,CA,Yes,,,,,,2,,Yes,"A Ghost vehicle in conventional mode was traveling east on Main Street in Alameda, CA. Vehicle 2 was parked on Main Street facing east. Vehicle 2 abruptly exited the parking space and pulled into the lane in front of the Ghost vehicle. The Ghost driver engaged the brakes and moved towards the adjacent lane, preventing a front to rear collision. Vehicle 2 continued into the lane and made contact with the right side of the Ghost vehicle. The other driver stated that he was distracted by a conversation with his passenger while exiting the parking space and did not notice close oncoming traffic before pulling into the lane. First responders were not called to the scene. The California Highway Patrol did not report to the scene.  Autonomy was not engaged at any point during the drive cycle preceding the event.",Yes,Yes,,,,,,,,,,,,,Yes,Yes,,,,,,,,,Yes,Yes,,,,,,,,,,,,,,,,,,,,,Yes,Yes,,,Yes,,,,,,,,,,,,,,,,,,,,,Yes,,,,,,,,,,,,,,,,Yes,,,,,,,,,,,,,,,,,,,,,,,,,,,37.7706,-122.2648,0,1,0,1,1
390,Apple Inc.,Apple Inc.,10/10/2022,9:56,Yes,,2016,Lexus,RX 450h,,,CA,Lawrence Expy and Sandia Ave,Sunnyvale,Santa Clara,CA,94089,,Yes,,,,,2,,,Yes,,,,Yes,,,,,,,,,,,,,,,,,,,,,,,,,,,,,2023,Toyota Camry,,,CA,Yes,,,,,,2,,Yes,"On October 10th, a test vehicle operating in manual driving mode was stopped at a red light while southbound on Lawrence Expressway at Sandia Avenue in Sunnyvale when a Toyota Camry made light contact from the rear.  No injuries were reported and law enforcement was not called to the scene.  Test vehicle sensors were damaged.",,,Yes,Yes,,,,,,,,,,,Yes,Yes,,,,,,,,,Yes,Yes,,,,,,,,,,,,,,,,,,,,,Yes,Yes,Yes,,,Yes,,,,,,,,,,,,,,,,,,,,,,,,,,,,,,,,,,Yes,,,Yes,,,,,,,,,,,,,,,,,,,,,,,,Yes,,37.3983,-122.0006,0,0,1,1,1
391,"Zoox, Inc. dba Zoox Labs, Inc.",Zoox,10/14/2022,2:52,,Yes,2016,Toyota,Highlander,,,CA, Broadway St & Sansome St Intersection  ,San Francisco,San Francisco,CA,94133,Yes,,,,,,2,,,Yes,,,,,,,,,,,,,,,,,,,,,,,,,,,,,,Yes,Yes,Yes,2020,Nissan Altima SR,,,CA,Yes,,,,,,2,Yes,,A Zoox vehicle was proceeding straight in autonomy through an intersection with a green light and right of way when vehicle 2 attempted an illegal left turn across lanes of traffic into Zoox’s right of way. The safety driver disengaged and applied max braking effort which allowed Zoox to mitigate but not completely prevent the unavoidable collision. The Zoox vehicle struck the right front corner of vehicle 2. No injuries were reported and the police were not called to the scene. ,Yes,Yes,,,,,,,,,,,,,Yes,Yes,,,,,,,,,Yes,Yes,,,,,,,,,,,,,,,,,,,,,Yes,Yes,,,Yes,,,,,,,,,,,,,,,,,,,,,,,Yes,,,,,,,,,,,Yes,,,,,,,Yes,,,,,,,,,,,,,,,,,,,,,,,37.8002,-122.4091,0,0,1,1,1
392,Apple Inc.,Apple Inc.,10/20/2022,11:19,Yes,,2017,Lexus,RX 450h,,,CA,US-101S Ramp & Lawrence Expressway,Sunnyvale,Santa Clara,CA,94085,,Yes,,,,,2,,,,Yes,,Yes,Yes,Yes,,,,,,,,,,,,,,,,,,,,,,,,,,,,2015,Ford F-150,,,AZ,Yes,,,,,,2,,Yes,"On October 20th, a test vehicle operating in manual driving mode was stopped at a red light after exiting Highway 101 to turn right onto Lawrence Expressway in Sunnyvale when a Ford pickup made contact from the rear.  No injuries were reported and law enforcement was not called to the scene.  Both vehicles sustained moderate damage.",Yes,Yes,,,,,,,,,,,,,Yes,Yes,,,,,,,,,Yes,Yes,,,,,,,,,,,,,,,,,,,,,Yes,Yes,,,,,,,,Yes,,,,,,,Yes,,,,,,,,,,,,,,,,,,,,,,,Yes,,,Yes,,,,,,,,,,,,,,,,,,,,,,,,,,37.3886,-122.0177,0,0,1,1,2
393,Waymo LLC,Waymo LLC,10/21/2022,1:55,,Yes,2021,Jaguar,I-Pace,,,CA,Larkin Street and O'Farrell Street ,San Francisco,San Francisco,CA,94109,Yes,,,,,,2,,,Yes,,,,,,,,,Yes,,,,Yes,,,,Yes,,,,Yes,,,,,,,,,,,,2020,Chevrolet Malibu,,,CA,Yes,,,,,,2,,Yes,"On October 21, 2021 at 1:55 PM PST a Waymo Autonomous Vehicle (“Waymo AV”) operating in San Francisco was in a collision involving a passenger vehicle at Larkin Street and O'Farrell Street.  While in manual mode, the Waymo AV was slowly approaching stopped traffic ahead when a vehicle in the right adjacent lane started reversing into a parallel parking space. In the process,  the front left bumper of the passenger vehicle scraped the right side panels and bumper of the Waymo AV. At the time of the impact, the Waymo AV’s Level 4 ADS was not engaged and a test driver was operating the Waymo AV in manual mode. Both vehicles sustained minor damage.",,,Yes,Yes,,,,,,,,,,,Yes,Yes,,,,,,,,,,,Yes,Yes,,,,,,,,,,,,,,,,,,,Yes,Yes,,,,,,,,,,,,,,Yes,Yes,,,,,,,Yes,,,,,,,,,,,,,,,,,,Yes,,,,,,,,,,,,,,,,,,,,,,,,,,,37.78517809,-122.4179158,-1,1,1,1,1
394,Waymo LLC,Waymo LLC,10/21/2022,8:27,Yes,,2021,Jaguar,I-Pace,,,CA,Filbert Street at Kearny Street,San Francisco,San Francisco,CA,94133,Yes,,,,,,1,,,Yes,,,,,,,,,,,,,,Yes,,,Yes,,,,,,,,,,,,,,,,,,,,,,,,,,,,Yes,,"On October 21, 2022 at 8:27 AM PST a Waymo Autonomous Vehicle (“Waymo AV”) operating in San Francisco, California made contact with the pavement on a steep hill on Filbert Street at Kearny Street.  The Waymo AV was on a steep hill, turning from Filbert Street onto Kearny Street, when the Waymo AV's undercarriage made contact with the pavement (the AV did not contact any vehicle or road user). At the time of the impact, the Waymo AV’s Level 4 ADS was engaged in autonomous mode, and a test driver was present (in the driver’s seating position). The Waymo AV sustained damage. ",Yes,Yes,,,,,,,,,,,,,Yes,Yes,,,,,,,,,Yes,Yes,,,,,,,,,,,,,,,,,,,,,Yes,Yes,,,,,,,Yes,,,,,,,,,,,,,,,,,,,,,,,,,,,,,,,,,,,,,,,,,,,,Yes,,,,,,,,,,,,,,,,37.8002,-122.4091,1,0,1,0,0
395,Waymo LLC,Waymo LLC,11/3/2022,4:30,,Yes,2021,Jaguar,I-Pace,,,CA,101 Villa Terrace,San Francisco,San Francisco,CA,94114,Yes,,,,,,2,,,Yes,,,,,,,,,,,,,,,,,,,,,,,,,,,,,Yes,,,,2005,Honda CR-V,,,CA,,,,,Yes,Parked,2,,Yes,"On November 3, 2022 at 4:30 PM PST a Waymo Autonomous Vehicle (“Waymo AV”) operating in San Francisco, California was in a collision involving a parked SUV near 101 Villa Terrace.  While reversing in manual on a narrow road, the front right radar of the Waymo AV made contact with the taillight of a parked SUV. At the time of the impact, the Waymo AV’s Level 4 ADS was not engaged and a test driver was operating the Waymo AV in manual mode. Both vehicles sustained damage. ",,,Yes,Yes,,,,,,,,,,,Yes,Yes,,,,,,,,,Yes,Yes,,,,,,,,,,,,,,,,,,,,,Yes,Yes,,,,,,,,,,,,,Yes,,,,,,,,,,,,,,,,,Yes,,,,,,,,,,,,,,,,,,,,,Yes,,,,,,,,,,,,,,,,37.7584635,-122.4466727,1,1,0,0,0
396,"Zoox, Inc. dba Zoox Labs, Inc.",Zoox,11/4/2022,1:40,,Yes,2016,Toyota,Highlander,,,CA,Vallejo Street and Sansome Street,San Francisco,San Francisco,CA,94111,,Yes,,,,,2,,,Yes,,,,Yes,,,,,,,,,,,,,,,,,,,,,,,,,,,,,1995,Ford Mustang,,,CA,Yes,,,,,,2,,Yes,A Zoox vehicle in manual mode was stopped at the intersection of Vallejo Street and Sansome Street when a following vehicle made contact with the rear sensor array resulting in minor damage to the sensor bracket. No injuries were reported and the police were not called to the scene.    ,Yes,Yes,,,,,,,,,,,,,Yes,Yes,,,,,,,,,Yes,Yes,,,,,,,,,,,,,,,,,,,,,Yes,Yes,Yes,,,Yes,,,,,,,,,,,,,,,,,,,,,,,,,,,,,,,,,,Yes,,,Yes,,,,,,,,,,,,,,,,,,,,,,,,,,37.7996216,-122.4023808,0,0,1,1,0
397,Waymo LLC,Waymo LLC,11/8/2022,9:34,Yes,,2021,Jaguar,I-PACE,,,CA,2nd Street at Minna Street,San Francisco,San Francisco,CA,94105,,Yes,,,,,2,,,Yes,,,Yes,,,,,,,,,,,,,,,,,,,,,,,,,,,,,,2013,Lexus GS,,,CA,Yes,,,,,,2,Yes,,"On November 8, 2022 at 9:34 AM PST a Waymo Autonomous Vehicle (“Waymo AV”) operating in San Francisco, California was in a collision involving a passenger car on 2nd Street at Minna Street.  The Waymo AV was stopped in traffic on northbound 2nd Street in autonomous mode. A passenger car that had been stopped behind the Waymo AV passed on the left side, crossing the double yellow line and making contact with the Waymo AV’s rear left sensor housing. The passenger car immediately left the scene.  At the time of the impact, the Waymo AV’s Level 4 ADS was engaged in autonomous mode, and a test driver was present (in the driver’s seating position). The Waymo AV sustained damage.",,,,,Yes,Yes,,,,,,,,,Yes,Yes,,,,,,,,,,,Yes,Yes,,,,,,,,,,,,,,,,,,,Yes,Yes,Yes,,,,,,,,,,,,,,,,,,,,,,,,,,,Yes,,,,,,,,,,,,,,Yes,,,,,,,,,,,,,,,,,,,,,,,,,37.7864,-122.3892,1,0,1,1,1
398,"Zoox, Inc. dba Zoox Labs, Inc.",Zoox,11/14/2022,8:22,,Yes,2016,Toyota,Highlander,,,CA,Folsom Street and 8th Street ,San Francisco,San Francisco,CA,94103,Yes,,,,,,2,,,Yes,,,,Yes,,,,,,,,,,,,,,,,,,,,,,,,,,,,,2005,Mazda 3,,,Unknown,Yes,,,,,,2,Yes,,"A Zoox vehicle in autonomy was proceeding straight on Folsom Street when a leading vehicle in the lane began to slow down prompting the Zoox vehicle to slow correspondingly. The Zoox vehicle, with brake lights illuminated, had slowed to 5 mph when it was struck from the rear by vehicle number 2. Zoox vehicle camera footage shows the driver of vehicle 2 holding their cellphone raised in their right hand. There were no injuries and police were not called.     ",Yes,Yes,,,,,,,,,,,,,,,,,Yes,Yes,,,,,Yes,Yes,,,,,,,,,,,,,,,,,,,,,Yes,Yes,,,,Yes,,,,,,,,,,,Yes,,,,,,,,,,,,,,,,,,,,,,,Yes,,,Yes,,,,,,,,,,,,,,,Yes,,,,,,,,,,,37.7725,-122.4147,0,0,0,1,1
399,Cruise LLC,Cruise,11/16/2022,2:59,,Yes,2023,Cruise,AV,,,CA,850 Van Ness Avenue,San Francisco,San Francisco,CA,94109,Yes,,,,,,2,,,Yes,,,,,,,,,,,,,,Yes,,,,Yes,,,,Yes,,,,Yes,,,,,,,2013,Nissan Juke,,,CA,Yes,,,,,,2,,Yes,"A Cruise autonomous vehicle (“Cruise AV”), operating in manual mode, was traveling northbound in the rightmost lane on Van Ness Avenue between Eddy Street and Ellis Street. The Cruise test driver began to maneuver around a double-parked vehicle by merging left into the center lane. Shortly thereafter, a 2013 Nissan Juke made contact with the Cruise AV's driver side rear passenger door and front driver side fender, damaging the driver side rear passenger door, front driver side fender, front driver side radar equipment and front driver side bumper. There were no reported injuries at the scene by either party.",Yes,Yes,,,,,,,,,,,,,Yes,Yes,,,,,,,,,Yes,Yes,,,,,,,,,,,,,,,,,,,,,Yes,Yes,,,Yes,Yes,,,,,,,,,,,,,,,,,,,,,,,,,,,Yes,Yes,,,Yes,Yes,,,Yes,Yes,,,,,,,,,,,,,,,,,,,,,,,,,,,37.7835313,-122.4211177,0,1,0,1,1
400,"MERCEDES-BENZ RESEARCH & DEVELOPMENT NORTH AMERICA, INC.","MERCEDES-BENZ RESEARCH & DEVELOPMENT NORTH AMERICA, INC.",11/17/2022,5:20,,Yes,2021,Mercedes,S450,,,MI,Highway 280 @ Bird Avenue,San Jose,Santa Clara,CA,95126,Yes,,,,,,2,,,Yes,,,,,,,,,,,,,,,,,,,,,,,,,,,,,,Yes,Yes,Yes,,FORD F150,,,CA,,Yes,,,,,2,,Yes,"The Mercedes-Benz vehicle was traveling NB on Highway 280, near Bird Avenue, in lane one.  Traffic ahead began slowing, and the operator attempted a right lane change into lane two. The Mercedes-Benz vehicle operator was unable to complete the lane change and instead applied the brakes.  The Mercedes-Benz operator was unable to avoid contact with the Ford vehicle that was in front of it, and the Mercedes-Benz front bumper contacted the rear bumper of the Ford vehicle.",Yes,Yes,,,,,,,,,,,,,,,,,Yes,Yes,,,,,Yes,Yes,,,,,,,,,,,,,,,,,,,,,Yes,Yes,,,Yes,Yes,,,,,,,,,,,,Yes,,,Yes,,,,,,,,,,,,,,,,,,Yes,,,,,Yes,,,,,,,,,,,,Yes,,,,,,,,,,,,,37.3249,-121.9153,0,0,0,0,1
401,"MERCEDES-BENZ RESEARCH & DEVELOPMENT NORTH AMERICA, INC.","MERCEDES-BENZ RESEARCH & DEVELOPMENT NORTH AMERICA, INC.",11/19/2022,10:45,Yes,,2021,Mercedes-Benz,S 450,,,MI,2895 Codensa Street,Santa Clara,Santa Clara,CA,95051,Yes,,,,,,2,,,Yes,,,,,,,,,,,,,,,,,,,,,,,,,,,,,Yes,,,Yes,2018,Tesla Model S,,,CA,Yes,,,,,,2,,Yes,The operator of the Mercedes-Benz vehicle made a left turn from a driveway onto Condensa Street when the vehicle made contact with the on-coming Tesla vehicle.  No injuries were reported.,Yes,Yes,,,,,,,,,,,,,Yes,Yes,,,,,,,,,Yes,Yes,,,,,,,,,,,,,,,,,,,,,Yes,Yes,,,,Yes,,,,,Yes,,,,,,,,,,,,,,Yes,,,,,,,,,,,,,,,,,Yes,,,Yes,,,,,,,,,,,,,,,,,,,,,,,,37.3483,-121.9844,-1,0,0,1,1
402,"Zoox, Inc. dba Zoox Labs, Inc.",Zoox,11/20/2022,1:24,,Yes,2016,Toyota,Highlander,,,CA,The Embarcadero and Washington Street  ,San Francisco,San Francisco,CA,94111,,Yes,,,,,2,,,Yes,,,,Yes,,,,,,,,,,,,,,,,,,,,,,,,,,,,,2021,VN,,,CA,Yes,,,,,,2,Yes,,"A Zoox vehicle in autonomy was stopped at a red light waiting for traffic ahead on Embarcadero with brake lights illuminated. When the traffic light changed to green, surrounding traffic began to move. The Zoox vehicle appropriately continued to wait for a stopped lead vehicle immediately ahead when vehicle 2 struck the Zoox vehicle from the rear. Zoox vehicle camera footage shows the driver of vehicle 2 holding their cellphone raised in their hand at the time of contact. There were no injuries and police were not called.    ",Yes,Yes,,,,,,,,,,,,,Yes,Yes,,,,,,,,,Yes,Yes,,,,,,,,,,,,,,,,,,,,,Yes,Yes,Yes,,,Yes,,,,,,,,,,Yes,,,,,,,,,,,,,,,,,,,,,,,,Yes,,,Yes,,,,,,,,,,,,,,,Yes,,,,,,,,,,,37.7974,-122.4001,0,0,1,1,0
403,"Zoox, Inc. dba Zoox Labs, Inc. ",Zoox,11/28/2022,10:18,,Yes,2016,Toyota,Highlander,,,CA,11th St. and Harrison St. Intersection,San Francisco,San Francisco,CA,94103,,Yes,,,,,2,,,Yes,,,,Yes,Yes,,,,,,,,,,,,,,,,,,,,,,,,,,,,2022,Toyota Corolla SE,,,CA,Yes,,,,,,2,Yes,,"A Zoox vehicle in autonomy was fully stopped with brake lights illuminated in the left turn lane at a red traffic light waiting to complete a left hand turn from Harrison St. onto 11th St in San Francisco, Ca. As the light turned green, the Zoox vehicle appropriately yielded to oncoming traffic when Vehicle 2 attempted to make a lane change to the right and struck the rear of the Zoox vehicle. The Zoox vehicle incurred minor damage to the rear sensors and bumper. There were no injuries and police were not called. ",Yes,Yes,,,,,,,,,,,,,,,,,Yes,Yes,,,,,Yes,Yes,,,,,,,,,,,,,,,,,,,,,Yes,Yes,Yes,,,,,,,,Yes,,,,,,,,,,,Yes,,,,,,Yes,,,,,,,,,,,,Yes,,,Yes,,,,,,,,,,,,,,,,,,,,,,,,,,37.7725,-122.4147,0,0,1,1,1
404,Waymo LLC,Waymo LLC,12/1/2022,7:57,Yes,,2021,Jaguar,I-Pace,,,CA,Franklin Street at O'Farrell Street,San Francisco,San Francisco,CA,94109,Yes,,,,,,3,,,Yes,,,,,,Yes,,,,,,,,,,,,,,,,,,,,,,,,,,,2013,Hyundai Accent,,,CA,Yes,,,,,,3,,Yes,"On December 1, 2022 at 7:57 AM PST a Waymo Autonomous Vehicle (“Waymo AV”) operating in San Francisco, California was in a collision involving a passenger vehicle on Franklin Street at O'Farrell Street.  The Waymo AV was slowing for stopped traffic in the right lane of a three lane, one-way street in manual mode.  A passenger vehicle traveling behind the Waymo AV attempted to go around the Waymo AV to merge with traffic in the center lane but collided with a third passenger vehicle, after which it then also made contact with the Waymo AV. At the time of the impact, the Waymo AV’s Level 4 ADS was not engaged and a test driver was operating the Waymo AV. All three vehicles sustained damage. ",,,,,Yes,Yes,,,,,,,,,Yes,Yes,,,,,,,,,,,Yes,Yes,,,,,,,,,,,,,,,,,,,Yes,Yes,,,,,,,,,,,,,,,Yes,,,Yes,,Yes,,,,,,,,,,,,,,,,,,,,Yes,,,,,,,,,,,,,,,,,,,,,,,,,,,37.7917,-122.4186,0,1,1,1,1
405,Waymo LLC,Waymo LLC,12/12/2022,4:54,,Yes,2021,Jaguar,I-Pace,,,CA,Monterey Blvd and Acadia Street,San Francisco,San Francisco,CA,94131,,Yes,,,,,2,,,Yes,,,,,,Yes,,,,,,,,,,,,,,,,,,,,,,,,,,,2018,Honda CRV,,,CA,Yes,,,,,,2,Yes,,"On December 12, 2022 at 4:54 PM PST a Waymo Autonomous Vehicle (“Waymo AV”) operating in San Francisco, California was in a collision involving an SUV on Monterey Boulevard at Circular Avenue.  The Waymo AV was stopped facing east on Monterey Boulevard behind stopped traffic in the left-most through lane in autonomous mode. An SUV approached from behind and attempted to change lanes into the left turn lane, making contact with the left rear sensor of the Waymo AV. At the time of the impact, the Waymo AV’s Level 4 ADS was engaged in autonomous mode, and a test driver was present (in the driver’s seating position). Both vehicles sustained damage. ",Yes,Yes,,,,,,,,,,,,,,,Yes,Yes,,,,,,,Yes,Yes,,,,,,,,,,,,,,,,,,,,,Yes,Yes,Yes,,,,,,,,,,,,,,,,,,,Yes,,,,,,,,,,,,,,,,,,,,Yes,,,,,,,,,,,,,,,,,,,,,,,,,,,37.745,-122.4383,0,1,1,1,0
406,Waymo LLC,Waymo LLC,12/13/2022,12:35,,Yes,2021,Jaguar,I-Pace,,,CA,19th Avenue and Ulloa Street,San Francisco,San Francisco,CA,94116,,Yes,,,,,2,,,Yes,,,,Yes,,,,,,,,,,,,,,,,,,,,,,,,,,,,,2006,Acura,,,CA,Yes,,,,,,2,Yes,,"On December 13, 2022 at 12:35 PM PST a Waymo Autonomous Vehicle (“Waymo AV”) operating in San Francisco, California was in a collision involving a passenger vehicle on 19th Avenue at Ulloa Street.  The Waymo AV was stopped facing south on 19th Avenue for a red light in the right lane of the three-lane street while in autonomous mode. A passenger vehicle approached from behind and made contact with the rear of the Waymo AV. At the time of the impact, the Waymo AV’s Level 4 ADS was engaged in autonomous mode, and a test driver was present (in the driver’s seating position). The Waymo sustained damage. ",Yes,Yes,,,,,,,,,,,,,Yes,Yes,,,,,,,,,Yes,Yes,,,,,,,,,,,,,,,,,,,,,Yes,Yes,Yes,,,Yes,,,,,,,,,,,,,,,,,,,,,,,,,,,,,,,,,,,,,,Yes,,,,,,,,,,,,,,,,,,,,,,,,,37.7441,-122.4863,0,0,1,1,1
407,Waymo LLC,Waymo LLC,12/13/2022,10:11,,Yes,2021,Jaguar,I-Pace,,,CA,Broadway at Kearny Street,San Francisco,San Francisco,CA,94133,,Yes,,,,,2,,,,Yes,,Yes,Yes,,,,,,,,,,,,,,,,,,,,,,,,,,,,,2010,Toyota Prius,,,CA,Yes,,,,,,2,,Yes,"On December 13, 2022 at 10:11 PM PST a Waymo Autonomous Vehicle (“Waymo AV”) operating in San Francisco, California was in a collision involving a passenger vehicle on Kearny Street at Broadway.  The Waymo AV was stopped at a red light facing north on Kearny in manual mode when a passenger vehicle approached from behind and made contact with the rear of the Waymo AV. At the time of the impact, the Waymo AV’s Level 4 ADS was not engaged and a test driver was operating the Waymo AV in manual mode. Both vehicles sustained damage. ",Yes,Yes,,,,,,,,,,,,,,,,,Yes,Yes,,,,,Yes,Yes,,,,,,,,,,,,,,,,,,,,,Yes,Yes,Yes,,,Yes,,,,,,,,,,,,,,,,,,,,,,,,,,,,,,,,,,,,,,Yes,,,,,,,,,,,,,,,,,,,,,,,,,37.8002,-122.4091,-1,0,1,1,1
408,Cruise LLC,Cruise,12/14/2022,11:51,,Yes,2023,Cruise,AV,,,CA,1774 Sacramento St,San Francisco,San Francisco,CA,94109,Yes,,,,,,2,,,Yes,,,,,,,,,,,,,,,,,,Yes,,,,Yes,,,,Yes,,,,,,,,Honda Accord,,,,,,,,,,2,Yes,,"A Cruise autonomous vehicle (""Cruise AV""), operating in driverless autonomous mode, was traveling westbound in the left lane on Sacramento Street between Polk Street and Van Ness Avenue. At the same time, a Honda Accord traveling in the right lane behind the Cruise AV increased speed and maneuvered across the AV's lane into the parking lane to the left of the Cruise AV in an attempt to pass the Cruise AV. The Honda Accord then began to merge back into the Cruise AV's lane. The Cruise AV braked, but shortly thereafter, contact was made with the Cruise AV's front left quarter panel and front driver side mirror, damaging the front driver side mirror of the Cruise AV. The driver of the Honda Accord left the scene without exchanging information. There were no reported injuries. ",Yes,Yes,,,,,,,,,,,,,,,,,Yes,Yes,,,,,Yes,Yes,,,,,,,,,,,,,,,,,,,,,Yes,Yes,,,Yes,,,,,,,,,,,,,,,Yes,,,,,,,,,,,,,,,,,Yes,Yes,,,Yes,Yes,,,,,,,,,,,,,,,,,,,,,,,,,,,37.7916196,-122.4222838,0,1,0,1,1
409,Waymo LLC,Waymo LLC,12/17/2022,1:50,,Yes,2021,Jaguar,I-PACE,,,CA,Embarcadero at Howard Street,San Francisco,San Francisco,CA,94105,,Yes,,,,,2,,,,Yes,,Yes,Yes,Yes,,,,,,,,,,,,,,,,,,,,,,,,,,,,2006,Honda Accord,,,CA,Yes,,,,,,2,Yes,,"On December 17, 2022 at 1:50 PM PST, a Waymo Autonomous Vehicle (“Waymo AV”) operating in San Francisco, CA was in a collision involving a passenger car on Embarcadero near the intersection with Folsom Street.  The Waymo AV was traveling southbound on Embarcadero in autonomous mode when it slowed and stopped for a parallel parking vehicle ahead. A passenger car following the Waymo AV made contact with the rear of the Waymo AV. At the time of impact, the Waymo AV's Level 4 ADS was engaged in autonomous mode with a test driver present (in the driver's seating position). Both vehicles sustained damage.",Yes,Yes,,,,,,,,,,,,,Yes,Yes,,,,,,,,,Yes,Yes,,,,,,,,,,,,,,,,,,,,,Yes,Yes,Yes,,,Yes,,,,,,,,,,,,,,,,,,,,,,,,,,,,,,,,,,,,,,Yes,,,,,,,,,,,,,,,,,,,,,,,,,37.7864,-122.3892,0,1,1,1,1
410,Cruise LLC,Cruise,12/18/2022,11:23,,Yes,2023,Cruise,AV,,,CA,847 Divisadero St,San Francisco,San Francisco,CA,94117,Yes,,,,,,2,,,Yes,,,,,,,,,,,,,,,,,,Yes,,,,Yes,,,,Yes,,,,,,,,Dodge Charger,,,CA,Yes,,,,,,2,Yes,,"A Cruise autonomous vehicle (""Cruise AV""), operating in driverless autonomous mode, was traveling southbound in the right lane on Divisadero Street between Fulton Street and McAllister Street. The Cruise AV approached an eighteen-wheeler that was stopped in the right lane of southbound Divisadero Street. The Cruise AV began to navigate around the eighteen-wheeler and stopped briefly as it was completing its passing maneuver. Shortly thereafter, a Dodge Charger approached the stopped Cruise AV in the left lane and attempted to pass the Cruise AV on the lefthand side. Contact was made with the Cruise AV, damaging the front left wheel, front left fender, front left bumper, and front driver side mirror of the Cruise AV. The driver of the  Dodge Charger left the scene without exchanging information. There were no injuries and the Cruise AV was towed from the incident. ",Yes,Yes,,,,,,,,,,,,,,,,,Yes,Yes,,,,,Yes,Yes,,,,,,,,,,,,,,,,,,,,,Yes,Yes,Yes,,,Yes,,,,,,,,,,,,,,,,,,,,,,,,,,,,,,,,,,,Yes,Yes,,,,,,,,,,,,,,,,,,,,,,,,,,,37.7772416,-122.4380995,1,1,0,1,1